frame,cell_x,cell_y,shown_x,shown_y,camera_x,camera_y,rotation,zoom
0,19,7,19.0000,7.0000,19.0000,7.0000,0.0000,1.0000
1,18,7,18.9537,7.0000,18.9537,7.0000,0.0000,1.0000
2,18,7,18.8324,7.0000,18.8324,7.0000,0.0000,1.0000
3,18,7,18.6624,7.0000,18.6624,7.0000,0.0000,1.0000
4,18,7,18.4700,7.0000,18.4700,7.0000,0.0000,1.0000
5,18,7,18.2815,7.0000,18.2815,7.0000,0.0000,1.0000
6,18,7,18.1232,7.0000,18.1232,7.0000,0.0000,1.0000
7,18,7,18.0215,7.0000,18.0215,7.0000,0.0000,1.0000
8,17,7,17.9031,7.0000,17.9031,7.0000,0.0000,1.0000
9,17,7,17.7589,7.0000,17.7589,7.0000,0.0000,1.0000
10,17,7,17.6000,7.0000,17.6000,7.0000,0.0000,1.0000
11,17,7,17.4375,7.0000,17.4375,7.0000,0.0000,1.0000
12,17,7,17.2824,7.0000,17.2824,7.0000,0.0000,1.0000
13,17,7,17.1458,7.0000,17.1458,7.0000,0.0000,1.0000
14,17,7,17.0389,7.0000,17.0389,7.0000,0.0000,1.0000
15,17,7,16.9729,7.0000,16.9729,7.0000,0.0000,1.0000
16,17,7,16.9393,7.0000,16.9393,7.0000,0.0000,1.0000
17,17,6,16.9237,6.9545,16.9237,6.9545,0.0000,1.0000
18,17,6,16.9234,6.8350,16.9234,6.8350,0.0000,1.0000
19,17,6,16.9340,6.6672,16.9340,6.6672,0.0000,1.0000
20,17,6,16.9511,6.4766,16.9511,6.4766,0.0000,1.0000
21,17,6,16.9705,6.2889,16.9705,6.2889,0.0000,1.0000
22,17,6,16.9878,6.1296,16.9878,6.1296,0.0000,1.0000
23,17,6,16.9985,6.0244,16.9985,6.0244,0.0000,1.0000
24,17,5,17.0066,5.9040,17.0066,5.9040,0.0000,1.0000
25,17,5,17.0102,5.7602,17.0102,5.7602,0.0000,1.0000
26,17,5,17.0106,5.6029,17.0106,5.6029,0.0000,1.0000
27,17,5,17.0086,5.4424,17.0086,5.4424,0.0000,1.0000
28,17,5,17.0055,5.2886,17.0055,5.2886,0.0000,1.0000
29,17,5,17.0024,5.1517,17.0024,5.1517,0.0000,1.0000
30,17,5,17.0003,5.0417,17.0003,5.0417,0.0000,1.0000
31,17,4,16.9987,4.9224,16.9987,4.9224,0.0000,1.0000
32,17,4,16.9980,4.7877,16.9980,4.7877,0.0000,1.0000
33,17,4,16.9979,4.6427,16.9979,4.6427,0.0000,1.0000
34,17,4,16.9983,4.4925,16.9983,4.4925,0.0000,1.0000
35,17,4,16.9989,4.3423,16.9989,4.3423,0.0000,1.0000
36,17,4,16.9995,4.1971,16.9995,4.1971,0.0000,1.0000
37,17,4,16.9999,4.0621,16.9999,4.0621,0.0000,1.0000
38,53,14,53.9245,13.9998,53.9245,13.9998,-1.5708,1.0000
39,53,14,53.7827,13.9996,53.7827,13.9996,-1.5579,1.0000
40,53,14,53.6384,13.9996,53.6384,13.9996,-1.5210,1.0000
41,53,14,53.4931,13.9997,53.4931,13.9997,-1.4630,1.0000
42,53,14,53.3485,13.9998,53.3485,13.9998,-1.3868,1.0000
43,53,14,53.2061,13.9999,53.2061,13.9999,-1.2953,1.0000
44,53,14,53.0674,14.0000,53.0674,14.0000,-1.1912,1.0000
45,52,14,52.9268,14.0000,52.9268,14.0000,-1.0775,1.0000
46,52,14,52.7832,14.0001,52.7832,14.0001,-0.9569,1.0000
47,52,14,52.6379,14.0001,52.6379,14.0001,-0.8325,1.0000
48,52,14,52.4924,14.0001,52.4924,14.0001,-0.7070,1.0000
49,52,14,52.3479,14.0000,52.3479,14.0000,-0.5832,1.0000
50,52,14,52.2057,14.0000,52.2057,14.0000,-0.4642,1.0000
51,52,14,52.0674,14.0000,52.0674,14.0000,-0.3526,1.0000
52,51,14,51.9270,14.0000,51.9270,14.0000,-0.2514,1.0000
53,51,14,51.7835,14.0000,51.7835,14.0000,-0.1634,1.0000
54,51,14,51.6382,14.0000,51.6382,14.0000,-0.0915,1.0000
55,51,14,51.4926,14.0000,51.4926,14.0000,-0.0385,1.0000
56,51,14,51.3480,14.0000,51.3480,14.0000,-0.0073,1.0000
57,51,14,51.2058,14.0000,51.2058,14.0000,0.0000,1.0000
58,51,14,51.0674,14.0000,51.0674,14.0000,0.0000,1.0000
59,50,14,50.9269,14.0000,50.9269,14.0000,0.0000,1.0000
60,50,14,50.7834,14.0000,50.7834,14.0000,0.0000,1.0000
61,50,14,50.6382,14.0000,50.6382,14.0000,0.0000,1.0000
62,50,14,50.4926,14.0000,50.4926,14.0000,0.0000,1.0000
63,50,14,50.3480,14.0000,50.3480,14.0000,0.0000,1.0000
64,50,14,50.2058,14.0000,50.2058,14.0000,0.0000,1.0000
65,50,14,50.0674,14.0000,50.0674,14.0000,0.0000,1.0000
66,50,14,49.9413,14.0000,49.9413,14.0000,0.0000,1.0000
67,50,14,49.8557,14.0000,49.8557,14.0000,0.0000,1.0000
68,49,14,49.7769,14.0000,49.7769,14.0000,0.0000,1.0000
69,49,14,49.6824,14.0000,49.6824,14.0000,0.0000,1.0000
70,49,14,49.5749,14.0000,49.5749,14.0000,0.0000,1.0000
71,49,14,49.4569,14.0000,49.4569,14.0000,0.0000,1.0000
72,49,14,49.3311,14.0000,49.3311,14.0000,0.0000,1.0000
73,49,14,49.2002,14.0000,49.2002,14.0000,0.0000,1.0000
74,49,14,49.0668,14.0000,49.0668,14.0000,0.0000,1.0000
75,49,14,48.9413,14.0000,48.9413,14.0000,0.0000,1.0000
76,49,14,48.8557,14.0000,48.8557,14.0000,0.0000,1.0000
77,49,14,48.8098,14.0000,48.8098,14.0000,0.0000,1.0000
78,49,14,48.7976,14.0000,48.7976,14.0000,0.0000,1.0000
79,49,14,48.8108,14.0000,48.8108,14.0000,0.0000,1.0000
80,49,14,48.8409,14.0000,48.8409,14.0000,0.0000,1.0000
81,49,14,48.8798,14.0000,48.8798,14.0000,0.0000,1.0000
82,49,14,48.9209,14.0000,48.9209,14.0000,0.0000,1.0000
83,49,14,48.9590,14.0000,48.9590,14.0000,0.0000,1.0000
84,49,14,48.9909,14.0000,48.9909,14.0000,0.0000,1.0000
85,49,14,49.0148,14.0000,49.0148,14.0000,0.0000,1.0000
86,49,14,49.0304,14.0000,49.0304,14.0000,0.0000,1.0000
87,49,14,49.0383,14.0000,49.0383,14.0000,0.0000,1.0000
88,49,14,49.0398,14.0000,49.0398,14.0000,0.0000,1.0000
89,49,13,49.0375,13.9537,49.0375,13.9537,0.0000,1.0000
90,49,13,49.0322,13.8324,49.0322,13.8324,0.0000,1.0000
91,49,13,49.0252,13.6624,49.0252,13.6624,0.0000,1.0000
92,49,13,49.0175,13.4700,49.0175,13.4700,0.0000,1.0000
93,49,13,49.0100,13.2815,49.0100,13.2815,0.0000,1.0000
94,49,13,49.0040,13.1232,49.0040,13.1232,0.0000,1.0000
95,49,13,49.0005,13.0215,49.0005,13.0215,0.0000,1.0000
96,49,12,48.9978,12.9031,48.9978,12.9031,0.0000,1.0000
97,49,12,48.9966,12.7589,48.9966,12.7589,0.0000,1.0000
98,49,12,48.9965,12.6000,48.9965,12.6000,0.0000,1.0000
99,49,12,48.9972,12.4375,48.9972,12.4375,0.0000,1.0000
100,49,12,48.9982,12.2824,48.9982,12.2824,0.0000,1.0000
101,49,12,48.9992,12.1458,48.9992,12.1458,0.0000,1.0000
102,49,12,48.9999,12.0389,48.9999,12.0389,0.0000,1.0000
103,49,12,48.9999,11.9524,48.9999,11.9524,0.0000,1.0000
104,49,12,48.9999,11.8799,48.9999,11.8799,0.0000,1.0000
105,49,12,48.9999,11.8331,48.9999,11.8331,0.0000,1.0000
106,49,12,49.0000,11.8192,49.0000,11.8192,0.0000,1.0000
107,49,12,49.0000,11.8398,49.0000,11.8398,0.0000,1.0000
108,49,12,49.0000,11.8902,49.0000,11.8902,0.0000,1.0000
109,49,12,49.0000,11.9610,49.0000,11.9610,0.0000,1.0000
110,49,12,49.0000,12.0000,49.0000,12.0000,0.0000,1.0000
111,49,12,49.0000,12.0000,49.0000,12.0000,0.0000,1.0000
112,49,12,49.0000,11.9187,49.0000,11.9187,0.0000,1.0000
113,49,12,49.0000,11.8514,49.0000,11.8514,0.0000,1.0000
114,49,12,49.0000,11.8098,49.0000,11.8098,0.0000,1.0000
115,49,12,49.0000,11.8011,49.0000,11.8011,0.0000,1.0000
116,49,12,49.0000,11.8268,49.0000,11.8268,0.0000,1.0000
117,49,12,49.0000,11.8824,49.0000,11.8824,0.0000,1.0000
118,49,12,49.0000,11.9584,49.0000,11.9584,0.0000,1.0000
119,49,12,49.0000,12.0000,49.0000,12.0000,0.0000,1.0000
120,49,12,49.0000,12.0000,49.0000,12.0000,0.0000,1.0000
121,49,12,49.0000,12.0000,49.0000,12.0000,0.0000,1.0000
122,49,12,49.0000,12.0000,49.0000,12.0000,0.0000,1.0000
123,49,12,49.0000,12.0000,49.0000,12.0000,0.0000,1.0000
124,49,12,49.0000,12.0000,49.0000,12.0000,0.0000,1.0000
125,49,12,49.0000,12.0000,49.0000,12.0000,0.0000,1.0000
126,49,12,49.0000,12.0000,49.0000,12.0000,0.0000,1.0000
127,49,12,49.0000,12.0000,49.0000,12.0000,0.0000,1.0000
128,49,12,49.0000,12.0000,49.0000,12.0000,0.0000,1.0000
129,49,12,49.0000,12.0000,49.0000,12.0000,0.0000,1.0000
130,49,12,49.0000,12.0000,49.0000,12.0000,0.0000,1.0000
131,49,12,49.0000,12.0000,49.0000,12.0000,0.0000,1.0000
132,49,12,49.0000,12.0000,49.0000,12.0000,0.0000,1.0000
133,49,12,49.0000,12.0000,49.0000,12.0000,0.0000,1.0000
134,49,12,49.0000,12.0000,49.0000,12.0000,0.0000,1.0000
135,49,12,49.0000,12.0000,49.0000,12.0000,0.0000,1.0000
136,49,12,49.0000,12.0000,49.0000,12.0000,0.0000,1.0000
137,49,12,49.0000,12.0000,49.0000,12.0000,0.0000,1.0000
138,49,12,49.0000,12.0000,49.0000,12.0000,0.0000,1.0000
139,49,12,49.0000,12.0000,49.0000,12.0000,0.0000,1.0000
140,49,12,49.0000,12.0000,49.0000,12.0000,0.0000,1.0000
141,49,12,49.0000,12.0000,49.0000,12.0000,0.0000,1.0000
142,49,12,49.0000,12.0000,49.0000,12.0000,0.0000,1.0000
143,49,12,49.0000,12.0000,49.0000,12.0000,0.0000,1.0000
144,49,12,49.0000,12.0000,49.0000,12.0000,0.0000,1.0000
145,49,12,49.0000,12.0000,49.0000,12.0000,0.0000,1.0000
146,49,12,49.0000,12.0000,49.0000,12.0000,0.0000,1.0000
147,49,12,49.0000,12.0000,49.0000,12.0000,0.0000,1.0000
148,49,12,49.0000,12.0000,49.0000,12.0000,0.0000,1.0000
149,49,12,49.0000,12.0000,49.0000,12.0000,0.0000,1.0000
150,49,12,49.0000,12.0000,49.0000,12.0000,0.0000,1.0000
151,49,12,49.0000,12.0000,49.0000,12.0000,0.0000,1.0000
152,49,12,49.0000,12.0000,49.0000,12.0000,0.0000,1.0000
153,49,12,49.0000,12.0000,49.0000,12.0000,0.0000,1.0000
154,49,12,49.0000,12.0000,49.0000,12.0000,0.0000,1.0000
155,49,12,49.0000,12.0000,49.0000,12.0000,0.0000,1.0000
156,49,12,49.0000,12.0000,49.0000,12.0000,0.0000,1.0000
157,49,12,49.0000,12.0000,49.0000,12.0000,0.0000,1.0000
158,49,12,49.0000,12.0000,49.0000,12.0000,0.0000,1.0000
159,49,12,49.0000,12.0000,49.0000,12.0000,0.0000,1.0000
160,49,12,49.0000,12.0000,49.0000,12.0000,0.0000,1.0000
161,49,12,49.0000,12.0000,49.0000,12.0000,0.0000,1.0000
162,49,12,49.0000,12.0000,49.0000,12.0000,0.0000,1.0000
163,49,12,49.0000,12.0000,49.0000,12.0000,0.0000,1.0000
164,49,12,49.0000,12.0000,49.0000,12.0000,0.0000,1.0000
165,49,12,49.0000,12.0000,49.0000,12.0000,0.0000,1.0000
166,49,12,49.0000,12.0000,49.0000,12.0000,0.0000,1.0000
167,49,12,49.0000,12.0000,49.0000,12.0000,0.0000,1.0000
168,49,12,49.0000,12.0000,49.0000,12.0000,0.0000,1.0000
169,49,12,49.0000,12.0000,49.0000,12.0000,0.0000,1.0000
170,49,12,49.0000,12.0000,49.0000,12.0000,0.0000,1.0000
171,49,12,49.0000,12.0000,49.0000,12.0000,0.0000,1.0000
172,49,12,49.0000,12.0000,49.0000,12.0000,0.0000,1.0000
173,49,12,49.0000,12.0000,49.0000,12.0000,0.0000,1.0000
174,49,12,49.0000,12.0000,49.0000,12.0000,0.0000,1.0000
175,49,12,49.0000,12.0000,49.0000,12.0000,0.0000,1.0000
176,49,12,49.0000,12.0000,49.0000,12.0000,0.0000,1.0000
177,49,12,49.0000,12.0000,49.0000,12.0000,0.0000,1.0000
178,49,12,49.0000,12.0000,49.0000,12.0000,0.0000,1.0000
179,49,12,49.0000,12.0000,49.0000,12.0000,0.0000,1.0000
180,49,12,49.0000,12.0000,49.0000,12.0000,0.0000,1.0000
181,49,12,49.0000,12.0000,49.0000,12.0000,0.0000,1.0000
182,49,12,49.0000,12.0000,49.0000,12.0000,0.0000,1.0000
183,49,12,49.0000,12.0000,49.0000,12.0000,0.0000,1.0000
184,49,12,49.0000,12.0000,49.0000,12.0000,0.0000,1.0000
185,49,12,49.0000,12.0000,49.0000,12.0000,0.0000,1.0000
186,49,12,49.0000,12.0000,49.0000,12.0000,0.0000,1.0000
187,49,12,49.0000,12.0000,49.0000,12.0000,0.0000,1.0000
188,49,12,49.0000,12.0000,49.0000,12.0000,0.0000,1.0000
189,49,12,49.0000,12.0000,49.0000,12.0000,0.0000,1.0000
190,49,12,49.0000,12.0000,49.0000,12.0000,0.0000,1.0000
191,49,12,49.0000,12.0000,49.0000,12.0000,0.0000,1.0000
192,49,12,49.0000,12.0000,49.0000,12.0000,0.0000,1.0000
193,49,12,49.0000,12.0000,49.0000,12.0000,0.0000,1.0000
194,49,12,49.0000,12.0000,49.0000,12.0000,0.0000,1.0000
195,49,12,49.0000,12.0000,49.0000,12.0000,0.0000,1.0000
196,49,12,49.0000,12.0000,49.0000,12.0000,0.0000,1.0000
197,49,12,49.0000,12.0000,49.0000,12.0000,0.0000,1.0000
198,49,12,49.0000,12.0000,49.0000,12.0000,0.0000,1.0000
199,49,12,49.0000,12.0000,49.0000,12.0000,0.0000,1.0000
200,49,12,49.0000,12.0000,49.0000,12.0000,0.0000,1.0000
201,49,12,49.0000,12.0000,49.0000,12.0000,0.0000,1.0000
202,49,12,49.0000,12.0000,49.0000,12.0000,0.0000,1.0000
203,49,12,49.0000,12.0000,49.0000,12.0000,0.0000,1.0000
204,49,12,49.0000,12.0000,49.0000,12.0000,0.0000,1.0000
205,49,12,49.0000,12.0000,49.0000,12.0000,0.0000,1.0000
206,49,12,49.0000,12.0000,49.0000,12.0000,0.0000,1.0000
207,49,12,49.0000,12.0000,49.0000,12.0000,0.0000,1.0000
208,49,12,49.0000,12.0000,49.0000,12.0000,0.0000,1.0000
209,49,12,49.0000,12.0000,49.0000,12.0000,0.0000,1.0000
210,49,12,49.0000,12.0000,49.0000,12.0000,0.0000,1.0000
211,49,12,49.0000,12.0000,49.0000,12.0000,0.0000,1.0000
212,49,12,49.0000,12.0000,49.0000,12.0000,0.0000,1.0000
213,49,12,49.0000,12.0000,49.0000,12.0000,0.0000,1.0000
214,49,12,49.0000,12.0000,49.0000,12.0000,0.0000,1.0000
215,49,12,49.0000,12.0000,49.0000,12.0000,0.0000,1.0000
216,49,12,49.0000,12.0000,49.0000,12.0000,0.0000,1.0000
217,49,12,49.0000,12.0000,49.0000,12.0000,0.0000,1.0000
218,49,12,49.0000,12.0000,49.0000,12.0000,0.0000,1.0000
219,49,12,49.0000,12.0000,49.0000,12.0000,0.0000,1.0000
