frame,cell_x,cell_y,shown_x,shown_y,lift
0,8,5,8.0000,5.0000,0.0000
1,7,5,7.9537,5.0000,0.0610
2,7,5,7.8324,5.0000,0.1115
3,7,5,7.6624,5.0000,0.1427
4,7,5,7.4700,5.0000,0.1492
5,7,5,7.2815,5.0000,0.1299
6,7,5,7.1232,5.0000,0.0882
7,7,5,7.0215,5.0000,0.0312
8,6,5,6.9031,5.0000,0.0880
9,6,5,6.7589,5.0000,0.1343
10,6,5,6.6000,5.0000,0.1614
11,6,5,6.4375,5.0000,0.1637
12,6,5,6.2824,5.0000,0.1403
13,6,5,6.1458,5.0000,0.0944
14,6,5,6.0389,5.0000,0.0333
15,5,5,5.9212,5.0000,0.0898
16,5,5,5.7860,5.0000,0.1359
17,5,5,5.6393,5.0000,0.1626
18,5,5,5.4873,5.0000,0.1647
19,5,5,5.3359,5.0000,0.1410
20,5,5,5.1912,5.0000,0.0948
21,5,5,5.0593,5.0000,0.0334
22,4,5,4.9241,5.0000,0.0900
23,4,5,4.7837,5.0000,0.1360
24,4,5,4.6399,5.0000,0.1627
25,4,5,4.4946,5.0000,0.1648
26,4,5,4.3495,5.0000,0.1410
27,4,5,4.2065,5.0000,0.0948
28,4,5,4.0675,5.0000,0.0334
29,3,5,3.9266,5.0000,0.0900
30,3,5,3.7828,5.0000,0.1360
31,3,5,3.6376,5.0000,0.1627
32,3,5,3.4921,5.0000,0.1648
33,3,5,3.3477,5.0000,0.1410
34,3,5,3.2056,5.0000,0.0949
35,3,5,3.0673,5.0000,0.0334
36,2,5,2.9270,5.0000,0.0900
37,2,5,2.7835,5.0000,0.1360
38,2,5,2.6383,5.0000,0.1627
39,2,5,2.4927,5.0000,0.1648
40,2,5,2.3480,5.0000,0.1410
41,2,5,2.2058,5.0000,0.0949
42,2,5,2.0674,5.0000,0.0334
43,2,5,1.9413,5.0000,0.0000
44,2,5,1.8557,5.0000,0.0000
45,2,5,1.8098,5.0000,0.0000
46,2,5,1.7976,5.0000,0.0000
47,2,5,1.8108,5.0000,0.0000
48,2,5,1.8408,5.0000,0.0000
49,2,5,1.8798,5.0000,0.0000
50,2,5,1.9209,5.0000,0.0000
51,2,5,1.9590,5.0000,0.0000
52,2,5,1.9909,5.0000,0.0000
53,2,5,2.0148,5.0000,0.0000
54,2,5,2.0304,5.0000,0.0000
55,2,5,2.0383,5.0000,0.0000
56,2,5,2.0398,5.0000,0.0000
57,2,5,2.0365,5.0000,0.0000
58,2,5,2.0302,5.0000,0.0000
59,2,5,2.0224,5.0000,0.0000
60,2,5,2.0144,5.0000,0.0000
61,2,5,2.0070,5.0000,0.0000
62,2,5,2.0009,5.0000,0.0000
63,2,5,1.9965,5.0000,0.0000
64,2,5,1.9937,5.0000,0.0000
65,2,5,1.9923,5.0000,0.0000
66,2,5,1.9922,5.0000,0.0000
67,2,5,1.9930,5.0000,0.0000
68,2,5,1.9943,5.0000,0.0000
69,2,5,1.9958,5.0000,0.0000
70,2,5,1.9974,5.0000,0.0000
71,2,5,1.9988,5.0000,0.0000
72,2,5,2.0000,5.0000,0.0000
73,2,5,2.0008,5.0000,0.0000
74,2,5,2.0013,5.0000,0.0000
75,2,5,2.0015,5.0000,0.0000
76,2,5,2.0015,5.0000,0.0000
77,2,5,2.0014,5.0000,0.0000
78,2,5,2.0011,5.0000,0.0000
79,2,5,2.0008,5.0000,0.0000
80,2,5,2.0005,5.0000,0.0000
81,2,5,2.0002,5.0000,0.0000
82,2,5,2.0000,5.0000,0.0000
83,2,5,2.0000,5.0000,0.0000
84,2,5,2.0000,5.0000,0.0000
85,2,5,2.0000,5.0000,0.0000
86,2,5,2.0000,5.0000,0.0000
87,2,5,2.0000,5.0000,0.0000
88,2,5,2.0000,5.0000,0.0000
89,2,5,2.0000,5.0000,0.0000
90,2,5,2.0000,5.0000,0.0000
91,2,5,2.0000,5.0000,0.0000
92,2,5,2.0000,5.0000,0.0000
93,2,5,2.0000,5.0000,0.0000
94,2,5,2.0000,5.0000,0.0000
95,2,5,2.0000,5.0000,0.0000
96,2,5,2.0000,5.0000,0.0000
97,2,6,2.0000,5.0463,0.0610
98,2,6,2.0000,5.1676,0.1115
99,2,6,2.0000,5.3376,0.1427
100,2,6,2.0000,5.5300,0.1492
101,2,6,2.0000,5.7185,0.1299
102,2,6,2.0000,5.8768,0.0882
103,2,6,2.0000,5.9785,0.0312
104,2,6,2.0000,6.0628,0.0270
105,2,6,2.0000,6.1329,0.0229
106,2,6,2.0000,6.1773,0.0187
107,2,6,2.0000,6.1889,0.0146
108,2,6,2.0000,6.1661,0.0104
109,2,6,2.0000,6.1133,0.0062
110,2,6,2.0000,6.0402,0.0021
111,2,6,2.0000,6.0000,0.0000
112,2,6,2.0000,6.0000,0.0000
113,2,6,2.0000,6.0000,0.0000
114,2,6,2.0000,6.0000,0.0000
115,2,6,2.0000,6.0000,0.0000
116,2,6,2.0000,6.0000,0.0000
117,2,6,2.0000,6.0000,0.0000
118,2,6,2.0000,6.0000,0.0000
119,2,6,2.0000,6.0000,0.0000
120,2,6,2.0000,6.0000,0.0000
121,2,6,2.0000,6.0000,0.0000
122,2,6,2.0000,6.0000,0.0000
123,2,6,2.0000,6.0000,0.0000
124,2,6,2.0000,6.0000,0.0000
125,2,6,2.0000,6.0000,0.0000
126,2,6,2.0000,6.0000,0.0000
127,2,6,2.0000,6.0000,0.0000
128,2,6,2.0000,6.0000,0.0000
129,2,6,2.0000,6.0000,0.0000
130,2,6,2.0000,6.0000,0.0000
131,2,6,2.0000,6.0000,0.0000
132,2,6,2.0000,6.0000,0.0000
133,2,6,2.0000,6.0000,0.0000
134,2,6,2.0000,6.0000,0.0000
135,2,6,2.0000,6.0000,0.0000
136,2,6,2.0000,6.0000,0.0000
137,2,6,2.0000,6.0000,0.0000
138,2,6,2.0000,6.0000,0.0000
139,2,6,2.0000,6.0000,0.0000
140,2,6,2.0000,6.0000,0.0000
141,2,6,2.0000,6.0000,0.0000
142,2,6,2.0000,6.0000,0.0000
143,2,6,2.0000,6.0000,0.0000
144,2,6,2.0000,6.0000,0.0000
145,2,6,2.0000,6.0000,0.0000
146,2,6,2.0000,6.0000,0.0000
147,2,6,2.0000,6.0000,0.0000
148,2,6,2.0000,6.0000,0.0000
149,2,6,2.0000,6.0000,0.0000
150,2,6,2.0000,6.0000,0.0000
151,2,6,2.0000,6.0000,0.0000
152,2,6,2.0000,6.0000,0.0000
153,3,6,2.0463,6.0000,0.0610
154,3,6,2.1676,6.0000,0.1115
155,3,6,2.3376,6.0000,0.1427
156,3,6,2.5300,6.0000,0.1492
157,3,6,2.7185,6.0000,0.1299
158,3,6,2.8768,6.0000,0.0882
159,3,6,2.9785,6.0000,0.0312
160,4,6,3.0969,6.0000,0.0880
161,4,6,3.2411,6.0000,0.1343
162,4,6,3.4000,6.0000,0.1614
163,4,6,3.5625,6.0000,0.1637
164,4,6,3.7176,6.0000,0.1403
165,4,6,3.8542,6.0000,0.0944
166,4,6,3.9611,6.0000,0.0333
167,5,6,4.0788,6.0000,0.0898
168,5,6,4.2140,6.0000,0.1359
169,5,6,4.3607,6.0000,0.1626
170,5,6,4.5127,6.0000,0.1647
171,5,6,4.6641,6.0000,0.1410
172,5,6,4.8088,6.0000,0.0948
173,5,6,4.9407,6.0000,0.0334
174,6,6,5.0759,6.0000,0.0900
175,6,6,5.2163,6.0000,0.1360
176,6,6,5.3601,6.0000,0.1627
177,6,6,5.5054,6.0000,0.1648
178,6,6,5.6505,6.0000,0.1410
179,6,6,5.7935,6.0000,0.0948
180,6,6,5.9325,6.0000,0.0334
181,7,6,6.0734,6.0000,0.0900
182,7,6,6.2172,6.0000,0.1360
183,7,6,6.3624,6.0000,0.1627
184,7,6,6.5079,6.0000,0.1648
185,7,6,6.6523,6.0000,0.1410
186,7,6,6.7944,6.0000,0.0949
187,7,6,6.9327,6.0000,0.0334
188,7,5,7.0398,5.9576,0.0900
189,7,5,7.0932,5.8455,0.1360
190,7,5,7.1057,5.6864,0.1627
191,7,5,7.0902,5.5032,0.1648
192,7,5,7.0594,5.3185,0.1410
193,7,5,7.0262,5.1552,0.0949
194,7,5,7.0034,5.0360,0.0334
195,7,4,6.9862,4.9076,0.0900
196,7,4,6.9784,4.7651,0.1360
197,7,4,6.9777,4.6145,0.1627
198,7,4,6.9817,4.4620,0.1648
199,7,4,6.9883,4.3135,0.1410
200,7,4,6.9949,4.1751,0.0949
201,7,4,6.9993,4.0530,0.0334
202,7,4,7.0000,3.9577,0.0000
203,7,4,7.0000,3.9007,0.0000
204,7,4,7.0000,3.8744,0.0000
205,7,4,7.0000,3.8705,0.0000
206,7,4,7.0000,3.8816,0.0000
207,7,4,7.0000,3.9011,0.0000
208,7,4,7.0000,3.9242,0.0000
209,7,4,7.0000,3.9470,0.0000
210,7,4,7.0000,3.9673,0.0000
211,7,4,7.0000,3.9839,0.0000
212,7,4,7.0000,3.9962,0.0000
213,7,4,7.0000,4.0046,0.0000
214,7,4,7.0000,4.0096,0.0000
215,7,4,7.0000,4.0118,0.0000
216,7,4,7.0000,4.0120,0.0000
217,7,4,7.0000,4.0108,0.0000
218,7,4,7.0000,4.0090,0.0000
219,7,4,7.0000,4.0068,0.0000
220,7,4,7.0000,4.0047,0.0000
221,7,4,7.0000,4.0029,0.0000
222,7,4,7.0000,4.0014,0.0000
223,7,4,7.0000,4.0002,0.0000
224,7,4,7.0000,3.9995,0.0000
225,7,4,7.0000,3.9991,0.0000
226,7,4,7.0000,3.9989,0.0000
227,7,4,7.0000,3.9989,0.0000
228,7,4,7.0000,4.0000,0.0000
229,7,4,7.0000,4.0000,0.0000
230,7,4,7.0000,4.0000,0.0000
231,7,4,7.0000,4.0000,0.0000
232,7,4,7.0000,4.0000,0.0000
233,7,4,7.0000,4.0000,0.0000
234,7,4,7.0000,4.0000,0.0000
235,7,4,7.0000,4.0000,0.0000
236,7,4,7.0000,4.0000,0.0000
237,7,4,7.0000,4.0000,0.0000
238,7,4,7.0000,4.0000,0.0000
239,7,4,7.0000,4.0000,0.0000
240,7,4,7.0000,4.0000,0.0000
241,7,4,7.0000,4.0000,0.0000
242,7,4,7.0000,4.0000,0.0000
243,7,4,7.0000,4.0000,0.0000
244,7,4,7.0000,4.0000,0.0000
245,7,4,7.0000,4.0000,0.0000
246,7,4,7.0000,4.0000,0.0000
247,7,4,7.0000,4.0000,0.0000
248,7,4,7.0000,4.0000,0.0000
249,7,4,7.0000,4.0000,0.0000
250,7,4,7.0000,4.0000,0.0000
251,7,4,7.0000,4.0000,0.0000
252,7,4,7.0000,4.0000,0.0000
253,7,4,7.0000,4.0000,0.0000
254,7,4,7.0000,4.0000,0.0000
255,7,4,7.0000,4.0000,0.0000
256,7,4,7.0000,4.0000,0.0000
257,7,5,7.0000,4.0463,0.0610
258,7,5,7.0000,4.1676,0.1115
259,7,5,7.0000,4.3376,0.1427
260,7,5,7.0000,4.5300,0.1492
261,7,5,7.0000,4.7185,0.1299
262,7,5,7.0000,4.8768,0.0882
263,7,5,7.0000,4.9785,0.0312
264,7,6,7.0000,5.0969,0.0880
265,7,6,7.0000,5.2411,0.1343
266,7,6,7.0000,5.4000,0.1614
267,7,6,7.0000,5.5625,0.1637
268,7,6,7.0000,5.7176,0.1403
269,7,6,7.0000,5.8542,0.0944
270,7,6,7.0000,5.9611,0.0333
271,7,6,7.0000,6.0476,0.0288
272,7,6,7.0000,6.1201,0.0244
273,7,6,7.0000,6.1669,0.0200
274,7,6,7.0000,6.1808,0.0155
275,7,6,7.0000,6.1602,0.0111
276,7,6,7.0000,6.1098,0.0067
277,7,6,7.0000,6.0390,0.0022
278,7,6,7.0000,6.1151,0.0019
279,7,6,7.0000,6.1772,0.0016
280,7,6,7.0000,6.2136,0.0013
281,7,6,7.0000,6.2171,0.0010
282,7,6,7.0000,6.1862,0.0007
283,7,6,7.0000,6.1254,0.0004
284,7,6,7.0000,6.0442,0.0001
285,7,6,7.0000,6.1196,0.0001
286,7,6,7.0000,6.1810,0.0001
287,7,6,7.0000,6.2167,0.0001
288,7,6,7.0000,6.2195,0.0001
289,7,6,7.0000,6.1879,0.0000
290,7,6,7.0000,6.1264,0.0000
291,7,6,7.0000,6.0445,0.0000
292,7,6,7.0000,6.0000,0.0000
293,7,6,7.0000,6.0000,0.0000
294,7,6,7.0000,6.0000,0.0000
295,7,6,7.0000,6.0000,0.0000
296,7,6,7.0000,6.0000,0.0000
297,7,6,7.0000,6.0000,0.0000
298,7,6,7.0000,6.0000,0.0000
299,7,6,7.0000,6.0000,0.0000
300,7,6,7.0000,6.0000,0.0000
301,7,6,7.0000,6.0000,0.0000
302,7,6,7.0000,6.0000,0.0000
303,7,6,7.0000,6.0000,0.0000
304,7,6,7.0000,6.0000,0.0000
305,7,6,7.0000,6.0000,0.0000
306,7,6,7.0000,6.0000,0.0000
307,7,6,7.0000,6.0000,0.0000
308,7,6,7.0000,6.0000,0.0000
309,7,6,7.0000,6.0000,0.0000
310,7,6,7.0000,6.0000,0.0000
311,7,6,7.0000,6.0000,0.0000
312,7,6,7.0000,6.0000,0.0000
313,7,6,7.0000,6.0000,0.0000
314,7,6,7.0000,6.0000,0.0000
315,7,6,7.0000,6.0000,0.0000
316,7,6,7.0000,6.0000,0.0000
317,7,6,7.0000,6.0000,0.0000
318,7,6,7.0000,6.0000,0.0000
319,7,6,7.0000,6.0000,0.0000
320,7,6,7.0000,6.0000,0.0000
321,7,6,7.0000,6.0000,0.0000
322,7,6,7.0000,6.0000,0.0000
323,7,6,7.0000,6.0000,0.0000
324,7,6,7.0000,6.0000,0.0000
325,7,6,7.0000,6.0000,0.0000
326,7,6,7.0000,6.0000,0.0000
327,7,6,7.0000,6.0000,0.0000
328,7,6,7.0000,6.0000,0.0000
329,7,6,7.0000,6.0000,0.0000
330,7,6,7.0000,6.0000,0.0000
331,7,6,7.0000,6.0000,0.0000
332,7,6,7.0000,6.0000,0.0000
333,7,6,7.0000,6.0000,0.0000
334,7,6,7.0000,6.0000,0.0000
335,7,6,7.0000,6.0000,0.0000
336,7,6,7.0000,6.0000,0.0000
337,7,6,7.0000,6.0000,0.0000
338,7,6,7.0000,6.0000,0.0000
339,7,6,7.0000,6.0000,0.0000
340,7,6,7.0000,6.0000,0.0000
341,7,6,7.0000,6.0000,0.0000
342,7,6,7.0000,6.0000,0.0000
343,7,6,7.0000,6.0000,0.0000
344,7,6,7.0000,6.0000,0.0000
345,7,6,7.0000,6.0000,0.0000
346,7,6,7.0000,6.0000,0.0000
347,7,6,7.0000,6.0000,0.0000
348,7,6,7.0000,6.0000,0.0000
349,7,6,7.0000,6.0000,0.0000
350,7,6,7.0000,6.0000,0.0000
351,7,6,7.0000,6.0000,0.0000
352,7,6,7.0000,6.0000,0.0000
353,7,6,7.0000,6.0000,0.0000
354,7,6,7.0000,6.0000,0.0000
355,7,6,7.0000,6.0000,0.0000
356,7,6,7.0000,6.0000,0.0000
357,7,6,7.0000,6.0000,0.0000
358,7,6,7.0000,6.0000,0.0000
359,7,6,7.0000,6.0000,0.0000
360,7,6,7.0000,6.0000,0.0000
361,7,6,7.0000,6.0000,0.0000
362,7,6,7.0000,6.0000,0.0000
363,7,6,7.0000,6.0000,0.0000
364,7,6,7.0000,6.0000,0.0000
365,7,6,7.0000,6.0000,0.0000
366,7,6,7.0000,6.0000,0.0000
367,7,6,7.0000,6.0000,0.0000
368,7,6,7.0000,6.0000,0.0000
369,7,6,7.0000,6.0000,0.0000
370,7,6,7.0000,6.0000,0.0000
371,7,6,7.0000,6.0000,0.0000
372,7,6,7.0000,6.0000,0.0000
373,7,6,7.0000,6.0000,0.0000
374,7,6,7.0000,6.0000,0.0000
375,7,6,7.0000,6.0000,0.0000
376,7,6,7.0000,6.0000,0.0000
377,7,6,7.0000,6.0000,0.0000
378,7,6,7.0000,6.0000,0.0000
379,7,6,7.0000,6.0000,0.0000
380,7,6,7.0000,6.0000,0.0000
381,7,6,7.0000,6.0000,0.0000
382,7,6,7.0000,6.0000,0.0000
383,7,6,7.0000,6.0000,0.0000
384,7,6,7.0000,6.0000,0.0000
385,7,6,7.0000,6.0000,0.0000
386,7,6,7.0000,6.0000,0.0000
387,7,6,7.0000,6.0000,0.0000
388,7,6,7.0000,6.0000,0.0000
389,7,6,7.0000,6.0000,0.0000
390,7,6,7.0000,6.0000,0.0000
391,7,6,7.0000,6.0000,0.0000
392,7,6,7.0000,6.0000,0.0000
393,7,6,7.0000,6.0000,0.0000
394,7,6,7.0000,6.0000,0.0000
395,7,6,7.0000,6.0000,0.0000
